Model,FPS,mAP50_bbox,mAP50_mask,mAP50_pose,Precision,Recall
LKALiteSHBB_pose,103.19263567827949,0.17165961266725127,,,0.4152273482565423,0.17857142857142858
